trace-001,usr_2001,get,/service/auth/verify,18ms,200,2026/09/04 10:05:01
trace-002,hex:7573725f32303032,POST,/service/payments/charge,0.320s,200,2026/09/04 10:05:02
trace-003,usr_2003,GET,/service/catalog/items,12ms,404,2026/09/04 10:05:03
trace-004,usr_2004,POST,/service/data,40ms,NaN,2026/09/04 10:05:04
trace-005,hex:7573725f32303035,POST,/service/notifications/send,1.2s,503,2026/09/04 10:05:05
trace-006,usr_2006,GET,/service/invalid_status,40ms,50,2026/09/04 10:05:06
trace-007,usr_2007,delete,/service/session/42,25ms,204,2026/09/04 10:05:07
trace-008,hex:7573725f32303038,PUT,/service/upload,bad_latency,200,2026/09/04 10:05:08
trace-009,usr_2009,GET,/metrics,5ms,200,2026/09/04 10:05:09
trace-010,usr_2010,get,/service/orders/history,85ms,200,2026/09/04 10:05:10
trace-011,hex:7573725f32303131,POST,/service/analytics/event,0.650s,200,2026/09/04 10:05:11
trace-012,usr_2012,GET,/service/user/preferences,22ms,200,2026/09/04 10:05:12
trace-013,usr_2013,put,/service/inventory/update,110ms,200,2026/09/04 10:05:13
trace-014,usr_2014,GET,/metrics,4ms,200,2026/09/04 10:05:14
trace-015,hex:7573725f32303135,POST,/service/reports/generate,2.4s,200,2026/09/04 10:05:15
trace-016,usr_2016,get,/service/config/feature_flags,15ms,200,2026/09/04 10:05:16
trace-017,usr_2017,DELETE,/service/tokens/revoke,30ms,204,2026/09/04 10:05:17
trace-018,hex:7573725f32303138,POST,/service/gateway/proxy,0.850s,500,2026/09/04 10:05:18
trace-019,usr_2019,GET,/service/search/semantic,95ms,200,2026/09/04 10:05:19
trace-020,usr_2020,get,/service/account/balance,40ms,200,2026/09/04 10:05:20
trace-021,usr_2021,GET,/metrics,6ms,200,2026/09/04 10:05:21
trace-022,hex:7573725f32303232,POST,/service/webhook/dispatch,0.120s,200,2026/09/04 10:05:22
trace-023,usr_2023,put,/service/cart/sync,65ms,200,2026/09/04 10:05:23
trace-024,usr_2024,GET,/service/recommendations,0.720s,200,2026/09/04 10:05:24
trace-025,hex:7573725f32303235,DELETE,/service/drafts/101,19ms,204,2026/09/04 10:05:25
